,x
1,ABI
2,AC
3,ACE
4,ADRIA
5,ADVANCED
6,AEON
7,AJP
8,AK
9,ALPINE
10,ALVIS
11,AMERICAN-IRONHORSE
12,ARIEL
13,ARTISAN
14,AUBURN
15,AUTO-SLEEPERS
16,AUTO-CAMPERS
17,AUTOCRUISE
18,AUTOHAUS
19,AUTOHOMES
20,AUTOSTAR
21,AVONDALE
22,AXON
23,BABBOE
24,BAC
25,BACI
26,BAILEY
27,BAJAJ
28,BASIS
29,BATRIBIKE
30,BAVARIA
31,BEAUFORD
32,BELA
33,BENIMAR
34,BENNO-BOOST
35,BERGAMONT
36,BESSACARR
37,BIANCHI
38,BIANCHI-CYCLES
39,BIG-DOG
40,BIG-GAME
41,BILBOS
42,BIMOTA
43,BLUROC-MOTORCYCLES
44,BRAMWITH
45,BRIXTON
46,BROMPTON
47,BROUGH-SUPERIOR
48,BROWN-BROTHERS
49,BUCCANEER
50,BUGATTI
51,BULLIT-MOTORCYCLES
52,BULTACO
53,BUMBLEBEE
54,BURSTNER
55,BUTCHERS-&AMP;-BICYCLES
56,BYD
57,CADILLAC
58,CAKE
59,CALDER-LEISURE
60,CAMPER-KING
61,CAMPERVAN-WAREHOUSE
62,CAN-AM
63,CANNONDALE
64,CANNONDALE-CYCLES
65,CAOFEN
66,CARADO
67,CARTHAGO
68,CFMOTO
69,CHALLENGER
70,CHAUSSON
71,CHESIL
72,CI
73,COACHMAN
74,COBRA
75,COLNAGO
76,COMPASS
77,CONCORDE
78,CORRATEC
79,CORVETTE
80,COSSACK
81,COTTON
82,CUBE
83,CUPRA
84,CUSTOM-CAMPERS
85,CUSTOM-CRUISERS
86,CUSTOM-VEHICLE
87,DAF
88,DALLINGRIDGE
89,DAMON
90,DANBURY
91,DAX
92,DENBY
93,DESIKNIO
94,DETHLEFFS
95,DEVON
96,DFSK
97,DI-BLASI
98,DIRECT-BIKE
99,DORMOBILE
100,DOUGLAS
101,DREAMER
102,DS-AUTOMOBILES
103,E-CITY-WHEELS
104,E-RIDER
105,EAST-NEUK
106,EAV
107,EBCO
108,ECOOTER
109,ELDDIS
110,ELECTRA
111,ELECTRIC-MOTION
112,ELNAGH
113,EMAX
114,EMU
115,ENERGICA
116,EOVOLT
117,ERIBA
118,ESKUTA
119,ESTARLI
120,ETRUSCO
121,EURA-MOBIL
122,EXCALIBUR
123,EXCELSIOR
124,FANTIC
125,FANTIC-CYCLES
126,FB-MONDIAL
127,FISKER
128,FLEETWOOD
129,FLEURETTE
130,FLORIUM
131,FOCUS
132,FOREST-RIVER
133,FORME
134,FOUR-WINDS-INTERNATIONAL
135,FRANCIS-BARNETT
136,FRANKIA
137,FREIGHTLINER
138,FUSO
139,GARDNER-DOUGLAS
140,GARELLI
141,GARIA
142,GAS-GAS-CYCLES
143,GAZ
144,GAZELLE
145,GBS
146,GEIST
147,GENESIS
148,GIANT
149,GIANTCO
150,GIOTTILINE
151,GLOBE-TRAVELLER
152,GLOBECAR
153,GOCYCLE
154,GPX-MOTO
155,GREAT-WALL
156,GREEVES
157,GRINNALL
158,GULFSTREAM
159,GWM-ORA
160,HAIBIKE
161,HANWAY
162,HARTFORD
163,HERALD-MOTOR-CO
164,HILLMAN
165,HILLSIDE-LEISURE
166,HOBBY
167,HOLDEN
168,HOLESHOT
169,HOMECAR
170,HONBIKE
171,HONLEY
172,HORWIN
173,HOTOMOBIL
174,HUMMER
175,HYMER
176,IBIS
177,IDEAL
178,IH-MOTORHOMES
179,INDIAN
180,INEOS
181,ITINEO
182,JAYCO
183,JENSEN
184,JOA-CAMP
185,JOINT
186,KALKHOFF
187,KENTUCKY-CAMP
188,KNAUS
189,KOENIGSEGG
190,KOVE
191,KTM-CYCLES
192,KUBERG
193,KUMI
194,LA-STRADA
195,LADA
196,LAIKA
197,LAPIERRE
198,LARRY-VS-HARRY-BULLITT
199,LAVERDA
200,LE-VOYAGEUR
201,LEISUREDRIVE
202,LEVIS
203,LEYLAND
204,LIV
205,LMC
206,LONDON-TAXIS-INTERNATIONAL
207,LUNAR
208,MACHZONE
209,MAEVING
210,MAHINDRA
211,MALIBU
212,MARCOS
213,MARIN
214,MARQUIS
215,MASH-MOTORCYCLES
216,MATCHLESS
217,MAXUS
218,MAYBACH
219,MBP
220,MCLAREN-SPORTS
221,MCLOUIS
222,MERCURY
223,MERIDA
224,MERLIN
225,MGB
226,MILLER
227,MILLS-EXTREME-VEHICLES-(MEV)
228,MIRIDER
229,MK
230,MOBILVETTA
231,MOKE
232,MONCAYO
233,MONDRAKER
234,MONTESA
235,MOOVEO
236,MORELO
237,MOTO-TREK
238,MOTO-GUZZI
239,MOTO-MORINI
240,MOTORINI
241,MOUSTACHE
242,MURVI
243,MUTT
244,MV-AGUSTA
245,MZ
246,NA
247,NARDINI
248,NECO
249,NEWMAR
250,NG
251,NIESMANN-AND-BISCHOFF
252,NIU
253,NOBLE
254,NORCO
255,NORTON
256,NU-VENTURE
257,OPEL
258,ORBEA
259,OSET
260,OSSA
261,OTHER
262,OVAOBIKE
263,PAGANI
264,PANAMA
265,PANTHER
266,PFAUTEC
267,PHOENIX
268,PILGRIM
269,PILOTE
270,PIONEER
271,PLATINUM-WAVE
272,POLARIS
273,POLESTAR
274,PONTIAC
275,PULSE
276,PURE
277,PURSANG
278,QUADRO
279,QUADZILLA
280,R-VISION
281,RADICAL
282,RALEIGH
283,RANDGER
284,RAPIDO
285,RAW
286,RC-MOTORHOMES
287,RCR
288,REIMO-CMC
289,RENAULT-TRUCKS
290,REPLICA
291,REVOLUTION
292,RGNT
293,RIDGEBACK
294,RIESE-&AMP;-MULLER
295,RIMOR
296,RMB
297,ROBIN-HOOD
298,ROCKY-MOUNTAIN
299,ROLLER-TEAM
300,ROLLING-HOMES
301,ROLLS-ROYCE
302,ROMAHOME
303,ROYAL-ALLOY
304,RS
305,S-AND-L-MOTORHOMES
306,SC-SPORTHOMES
307,SCOMADI
308,SCOTT
309,SCUTUM
310,SEA
311,SEGWAY
312,SHERCO
313,SHIRE-CONVERSIONS
314,SHIRE-HOMES
315,SILENCE
316,SIMPLON
317,SKYTEAM
318,SPECIALIZED
319,SPORTTEC
320,SPRITE
321,SPYKER
322,STERLING
323,STOMP
324,SUN-LIVING
325,SUNBEAM
326,SUNLIGHT
327,SUNRA
328,SUPER-SOCO
329,SURGE
330,SURRON
331,SWIFT
332,SWM-MOTORCYCLES
333,TALARIA
334,TEAHUPOO
335,TEC
336,TENACI-WONG
337,TERN
338,TGB
339,THELMOCO
340,THOK
341,THOR-MOTOR-COACH
342,TIANYING
343,TIFFIN-MOTORHOMES
344,TIGER
345,TIMBERLAND
346,TOMOS
347,TORROT
348,TREK
349,TRIBUTE
350,TRIGANO
351,TRITON
352,TROMOX
353,TRS
354,ULTIMA
355,ULTRA
356,UM
357,URAL
358,URBAN-ARROW
359,VANTAGE
360,VANWORX
361,VELOCETTE
362,VELOE
363,VELOSOLEX
364,VELSAR
365,VERTIGO
366,VICTORY
367,VINCENT
368,VMOTO
369,VOGE
370,VOLT
371,VULCAN
372,WANGYE
373,WEINSBERG
374,WELLHOUSE
375,WESTFALIA
376,WESTFIELD
377,WHEELHOME
378,WILDAX
379,WINGAMM
380,WINNEBAGO
381,WISPER
382,WK-BIKES
383,YADEA
384,YAMAHA-CYCLES
385,YAMASAKI
386,ZERO
387,ZHONGNENG
388,ZONTES
